timestamp,latitude,longitude
2025-04-18 16:05:13-07:00,37.876301,-122.258616
2025-04-18 16:05:14-07:00,37.876304,-122.258599
2025-04-18 16:05:15-07:00,37.876308,-122.258593
2025-04-18 16:05:16-07:00,37.876313,-122.258588
2025-04-18 16:05:18-07:00,37.876317,-122.258582
2025-04-18 16:05:19-07:00,37.876321,-122.258576
2025-04-18 16:05:20-07:00,37.876328,-122.258578
2025-04-18 16:05:21-07:00,37.876333,-122.258582
2025-04-18 16:05:22-07:00,37.876338,-122.258585
2025-04-18 16:05:23-07:00,37.876344,-122.258587
2025-04-18 16:05:24-07:00,37.876351,-122.258586
2025-04-18 16:05:25-07:00,37.876321,-122.258597
2025-04-18 16:05:26-07:00,37.87633,-122.258597
2025-04-18 16:05:27-07:00,37.87634,-122.2586
2025-04-18 16:05:28-07:00,37.876347,-122.258602
2025-04-18 16:05:29-07:00,37.876351,-122.258603
2025-04-18 16:05:30-07:00,37.876354,-122.258603
2025-04-18 16:05:31-07:00,37.876355,-122.258604
2025-04-18 16:05:32-07:00,37.876357,-122.258606
2025-04-18 16:05:33-07:00,37.876359,-122.258607
2025-04-18 16:05:34-07:00,37.87636,-122.258608
2025-04-18 16:05:35-07:00,37.876362,-122.258609
2025-04-18 16:05:36-07:00,37.876364,-122.258611
2025-04-18 16:05:37-07:00,37.876365,-122.258612
2025-04-18 16:05:38-07:00,37.876367,-122.258613
2025-04-18 16:05:39-07:00,37.876369,-122.258614
2025-04-18 16:05:40-07:00,37.87637,-122.258616
2025-04-18 16:05:41-07:00,37.876372,-122.258617
2025-04-18 16:05:42-07:00,37.876373,-122.258618
2025-04-18 16:05:43-07:00,37.876375,-122.258619
2025-04-18 16:05:44-07:00,37.876377,-122.258621
2025-04-18 16:05:45-07:00,37.876378,-122.258622
2025-04-18 16:05:46-07:00,37.87638,-122.258623
2025-04-18 16:05:47-07:00,37.876382,-122.258624
2025-04-18 16:05:48-07:00,37.876383,-122.258626
2025-04-18 16:05:49-07:00,37.876385,-122.258627
2025-04-18 16:05:50-07:00,37.876414,-122.25863
2025-04-18 16:05:51-07:00,37.876426,-122.258632
2025-04-18 16:05:52-07:00,37.876438,-122.258633
2025-04-18 16:05:53-07:00,37.87644,-122.258638
2025-04-18 16:05:54-07:00,37.876441,-122.258637
2025-04-18 16:05:55-07:00,37.87645,-122.258637
2025-04-18 16:05:56-07:00,37.876465,-122.258643
2025-04-18 16:05:57-07:00,37.876476,-122.258651
2025-04-18 16:05:58-07:00,37.876482,-122.258652
2025-04-18 16:05:59-07:00,37.876492,-122.258662
2025-04-18 16:06:00-07:00,37.876507,-122.258663
2025-04-18 16:06:01-07:00,37.876518,-122.258657
2025-04-18 16:06:02-07:00,37.876527,-122.258664
2025-04-18 16:06:03-07:00,37.876542,-122.258668
2025-04-18 16:06:04-07:00,37.876564,-122.258678
2025-04-18 16:06:05-07:00,37.876573,-122.258685
2025-04-18 16:06:06-07:00,37.876582,-122.258687
2025-04-18 16:06:07-07:00,37.876591,-122.258689
2025-04-18 16:06:08-07:00,37.876599,-122.25869
2025-04-18 16:06:09-07:00,37.876601,-122.258686
2025-04-18 16:06:10-07:00,37.876615,-122.258683
2025-04-18 16:06:11-07:00,37.876614,-122.258681
2025-04-18 16:06:12-07:00,37.876621,-122.258682
2025-04-18 16:06:13-07:00,37.876632,-122.258687
2025-04-18 16:06:14-07:00,37.876638,-122.258683
2025-04-18 16:06:15-07:00,37.876642,-122.25868
2025-04-18 16:06:16-07:00,37.876649,-122.25868
2025-04-18 16:06:17-07:00,37.876659,-122.258679
2025-04-18 16:06:18-07:00,37.876678,-122.258678
2025-04-18 16:06:19-07:00,37.87668,-122.258686
2025-04-18 16:06:20-07:00,37.876689,-122.258693
2025-04-18 16:06:21-07:00,37.876701,-122.258704
2025-04-18 16:06:22-07:00,37.876723,-122.258711
2025-04-18 16:06:23-07:00,37.876731,-122.258711
2025-04-18 16:06:24-07:00,37.87674,-122.258712
2025-04-18 16:06:25-07:00,37.87675,-122.258708
2025-04-18 16:06:26-07:00,37.876762,-122.258707
2025-04-18 16:06:27-07:00,37.876766,-122.258698
2025-04-18 16:06:28-07:00,37.876793,-122.258696
2025-04-18 16:06:29-07:00,37.876804,-122.258694
2025-04-18 16:06:30-07:00,37.876816,-122.258691
2025-04-18 16:06:31-07:00,37.876831,-122.258691
2025-04-18 16:06:32-07:00,37.876838,-122.258694
2025-04-18 16:06:33-07:00,37.876845,-122.258698
2025-04-18 16:06:34-07:00,37.876852,-122.258701
2025-04-18 16:06:35-07:00,37.876865,-122.258701
2025-04-18 16:06:36-07:00,37.876879,-122.258714
2025-04-18 16:06:37-07:00,37.876916,-122.25872
2025-04-18 16:06:38-07:00,37.876907,-122.258717
2025-04-18 16:06:39-07:00,37.876921,-122.258717
2025-04-18 16:06:40-07:00,37.876929,-122.258708
2025-04-18 16:06:41-07:00,37.876934,-122.25872
2025-04-18 16:06:42-07:00,37.876946,-122.258734
2025-04-18 16:06:43-07:00,37.87695,-122.258744
2025-04-18 16:06:44-07:00,37.876963,-122.258759
2025-04-18 16:06:45-07:00,37.876969,-122.258751
2025-04-18 16:06:46-07:00,37.876979,-122.258746
2025-04-18 16:06:47-07:00,37.876998,-122.258748
2025-04-18 16:06:48-07:00,37.877007,-122.25875
2025-04-18 16:06:49-07:00,37.877015,-122.258751
2025-04-18 16:06:50-07:00,37.877032,-122.258756
2025-04-18 16:06:51-07:00,37.877041,-122.258762
2025-04-18 16:06:52-07:00,37.87705,-122.258769
2025-04-18 16:06:53-07:00,37.87707,-122.258743
2025-04-18 16:06:54-07:00,37.877086,-122.258736
2025-04-18 16:06:55-07:00,37.877085,-122.258743
2025-04-18 16:06:56-07:00,37.877095,-122.25875
2025-04-18 16:06:57-07:00,37.877108,-122.258758
2025-04-18 16:06:58-07:00,37.877115,-122.258764
2025-04-18 16:06:59-07:00,37.877117,-122.258768
2025-04-18 16:07:00-07:00,37.87712,-122.258772
2025-04-18 16:07:01-07:00,37.877123,-122.258776
2025-04-18 16:07:02-07:00,37.877125,-122.258781
2025-04-18 16:07:03-07:00,37.877128,-122.258785
2025-04-18 16:07:04-07:00,37.87713,-122.258789
2025-04-18 16:07:05-07:00,37.877133,-122.258793
2025-04-18 16:07:06-07:00,37.877139,-122.258802
2025-04-18 16:07:07-07:00,37.877134,-122.258791
2025-04-18 16:07:08-07:00,37.877136,-122.258789
2025-04-18 16:07:09-07:00,37.877118,-122.258775
2025-04-18 16:07:10-07:00,37.877134,-122.258785
2025-04-18 16:07:11-07:00,37.877146,-122.258796
2025-04-18 16:07:12-07:00,37.877147,-122.258816
2025-04-18 16:07:13-07:00,37.877145,-122.258827
2025-04-18 16:07:14-07:00,37.877135,-122.258863
2025-04-18 16:07:15-07:00,37.877133,-122.258891
2025-04-18 16:07:16-07:00,37.877127,-122.258893
2025-04-18 16:07:17-07:00,37.877127,-122.258885
2025-04-18 16:07:18-07:00,37.877127,-122.258876
2025-04-18 16:07:19-07:00,37.877127,-122.258868
2025-04-18 16:07:20-07:00,37.877127,-122.258859
2025-04-18 16:07:21-07:00,37.877127,-122.258851
2025-04-18 16:07:22-07:00,37.877127,-122.258842
2025-04-18 16:07:24-07:00,37.877125,-122.258835
2025-04-18 16:07:25-07:00,37.877118,-122.258829
2025-04-18 16:07:26-07:00,37.877115,-122.258826
2025-04-18 16:07:27-07:00,37.877115,-122.258822
2025-04-18 16:07:28-07:00,37.877118,-122.258824
2025-04-18 16:07:29-07:00,37.87712,-122.258828
2025-04-18 16:07:30-07:00,37.87712,-122.258823
2025-04-18 16:07:31-07:00,37.877124,-122.258819
2025-04-18 16:07:32-07:00,37.877122,-122.258821
2025-04-18 16:07:33-07:00,37.877122,-122.258821
2025-04-18 16:07:34-07:00,37.877118,-122.258818
2025-04-18 16:07:35-07:00,37.877118,-122.258812
2025-04-18 16:07:36-07:00,37.877116,-122.258812
2025-04-18 16:07:37-07:00,37.877117,-122.258806
2025-04-18 16:07:38-07:00,37.87712,-122.258807
2025-04-18 16:07:39-07:00,37.877122,-122.25881
2025-04-18 16:07:40-07:00,37.87713,-122.25882
2025-04-18 16:07:41-07:00,37.877132,-122.258838
2025-04-18 16:07:42-07:00,37.877132,-122.258864
2025-04-18 16:07:43-07:00,37.877131,-122.258875
2025-04-18 16:07:44-07:00,37.877131,-122.258885
2025-04-18 16:07:45-07:00,37.877123,-122.258909
2025-04-18 16:07:46-07:00,37.877124,-122.258918
2025-04-18 16:07:47-07:00,37.877117,-122.258938
2025-04-18 16:07:48-07:00,37.877118,-122.258951
2025-04-18 16:07:49-07:00,37.877118,-122.258964
2025-04-18 16:07:50-07:00,37.877122,-122.258989
2025-04-18 16:07:51-07:00,37.877119,-122.259004
2025-04-18 16:07:52-07:00,37.877118,-122.259046
2025-04-18 16:07:53-07:00,37.877092,-122.259061
2025-04-18 16:07:54-07:00,37.877085,-122.259063
2025-04-18 16:07:55-07:00,37.877079,-122.259065
2025-04-18 16:07:56-07:00,37.877086,-122.259083
2025-04-18 16:07:57-07:00,37.87708,-122.259093
2025-04-18 16:07:58-07:00,37.877077,-122.259103
2025-04-18 16:07:59-07:00,37.877078,-122.259128
2025-04-18 16:08:00-07:00,37.877079,-122.259143
2025-04-18 16:08:01-07:00,37.877079,-122.259158
2025-04-18 16:08:02-07:00,37.877075,-122.25917
2025-04-18 16:08:03-07:00,37.877075,-122.259178
2025-04-18 16:08:04-07:00,37.877076,-122.259195
2025-04-18 16:08:05-07:00,37.877076,-122.259207
2025-04-18 16:08:06-07:00,37.877076,-122.259219
2025-04-18 16:08:07-07:00,37.877076,-122.259235
2025-04-18 16:08:08-07:00,37.877073,-122.259249
2025-04-18 16:08:09-07:00,37.87707,-122.259264
2025-04-18 16:08:10-07:00,37.877067,-122.259297
2025-04-18 16:08:11-07:00,37.877062,-122.259313
2025-04-18 16:08:12-07:00,37.877065,-122.259328
2025-04-18 16:08:13-07:00,37.877061,-122.259343
2025-04-18 16:08:14-07:00,37.877063,-122.259351
2025-04-18 16:08:15-07:00,37.877059,-122.259374
2025-04-18 16:08:16-07:00,37.877055,-122.259388
2025-04-18 16:08:17-07:00,37.877049,-122.259397
2025-04-18 16:08:18-07:00,37.877034,-122.259413
2025-04-18 16:08:19-07:00,37.877038,-122.25944
2025-04-18 16:08:20-07:00,37.877032,-122.259457
2025-04-18 16:08:21-07:00,37.877026,-122.259486
2025-04-18 16:08:22-07:00,37.877025,-122.259494
2025-04-18 16:08:23-07:00,37.877023,-122.259501
2025-04-18 16:08:24-07:00,37.877017,-122.259527
2025-04-18 16:08:25-07:00,37.877015,-122.259539
2025-04-18 16:08:26-07:00,37.877012,-122.259551
2025-04-18 16:08:27-07:00,37.877008,-122.259559
2025-04-18 16:08:28-07:00,37.877006,-122.259573
2025-04-18 16:08:29-07:00,37.877007,-122.259587
2025-04-18 16:08:30-07:00,37.877006,-122.259601
2025-04-18 16:08:31-07:00,37.877006,-122.259612
2025-04-18 16:08:32-07:00,37.877,-122.259632
2025-04-18 16:08:33-07:00,37.877001,-122.259641
2025-04-18 16:08:34-07:00,37.877001,-122.259656
2025-04-18 16:08:35-07:00,37.877002,-122.259672
2025-04-18 16:08:36-07:00,37.877005,-122.25968
2025-04-18 16:08:37-07:00,37.877012,-122.259706
2025-04-18 16:08:38-07:00,37.877011,-122.259723
2025-04-18 16:08:39-07:00,37.877007,-122.259739
2025-04-18 16:08:40-07:00,37.877003,-122.259747
2025-04-18 16:08:41-07:00,37.877,-122.259766
2025-04-18 16:08:42-07:00,37.876998,-122.259787
2025-04-18 16:08:43-07:00,37.876998,-122.259803
2025-04-18 16:08:44-07:00,37.877,-122.259825
2025-04-18 16:08:45-07:00,37.876999,-122.259851
2025-04-18 16:08:46-07:00,37.876997,-122.259863
2025-04-18 16:08:47-07:00,37.876996,-122.259876
2025-04-18 16:08:48-07:00,37.876996,-122.259885
2025-04-18 16:08:49-07:00,37.876993,-122.259894
2025-04-18 16:08:50-07:00,37.876991,-122.259914
2025-04-18 16:08:51-07:00,37.876996,-122.259926
2025-04-18 16:08:52-07:00,37.876999,-122.259951
2025-04-18 16:08:53-07:00,37.876995,-122.259967
2025-04-18 16:08:54-07:00,37.876989,-122.259989
2025-04-18 16:08:55-07:00,37.876984,-122.260019
2025-04-18 16:08:56-07:00,37.876984,-122.26003
2025-04-18 16:08:57-07:00,37.876983,-122.260042
2025-04-18 16:08:58-07:00,37.876979,-122.260072
2025-04-18 16:08:59-07:00,37.876976,-122.260085
2025-04-18 16:09:00-07:00,37.876972,-122.260097
2025-04-18 16:09:01-07:00,37.876976,-122.26011
2025-04-18 16:09:02-07:00,37.876975,-122.26012
2025-04-18 16:09:03-07:00,37.876975,-122.260139
2025-04-18 16:09:04-07:00,37.876972,-122.260147
2025-04-18 16:09:05-07:00,37.876975,-122.260162
2025-04-18 16:09:06-07:00,37.876975,-122.260176
2025-04-18 16:09:07-07:00,37.876973,-122.260197
2025-04-18 16:09:08-07:00,37.876964,-122.260209
2025-04-18 16:09:09-07:00,37.876966,-122.260234
2025-04-18 16:09:10-07:00,37.876965,-122.260244
2025-04-18 16:09:11-07:00,37.876963,-122.260255
2025-04-18 16:09:12-07:00,37.876963,-122.26028
2025-04-18 16:09:13-07:00,37.876963,-122.260293
2025-04-18 16:09:14-07:00,37.876964,-122.260305
2025-04-18 16:09:15-07:00,37.876952,-122.260325
2025-04-18 16:09:16-07:00,37.876947,-122.260338
2025-04-18 16:09:17-07:00,37.876943,-122.26035
2025-04-18 16:09:18-07:00,37.876936,-122.260365
2025-04-18 16:09:19-07:00,37.876929,-122.260383
2025-04-18 16:09:20-07:00,37.876922,-122.260401
2025-04-18 16:09:21-07:00,37.876909,-122.260414
2025-04-18 16:09:22-07:00,37.876902,-122.260434
2025-04-18 16:09:23-07:00,37.876903,-122.260442
2025-04-18 16:09:24-07:00,37.876904,-122.260452
2025-04-18 16:09:25-07:00,37.876904,-122.260467
2025-04-18 16:09:26-07:00,37.876896,-122.260472
2025-04-18 16:09:27-07:00,37.876892,-122.260471
2025-04-18 16:09:28-07:00,37.876894,-122.260467
2025-04-18 16:09:29-07:00,37.876893,-122.260468
2025-04-18 16:09:30-07:00,37.876895,-122.260464
2025-04-18 16:09:31-07:00,37.876894,-122.260462
2025-04-18 16:09:32-07:00,37.876894,-122.260462
2025-04-18 16:09:33-07:00,37.876893,-122.260471
2025-04-18 16:09:34-07:00,37.876888,-122.260479
2025-04-18 16:09:35-07:00,37.876877,-122.260489
2025-04-18 16:09:36-07:00,37.876877,-122.260462
2025-04-18 16:09:37-07:00,37.87688,-122.260459
2025-04-18 16:09:38-07:00,37.876881,-122.260458
2025-04-18 16:09:39-07:00,37.876878,-122.260463
2025-04-18 16:09:40-07:00,37.876864,-122.26047
2025-04-18 16:09:41-07:00,37.876873,-122.260472
2025-04-18 16:09:42-07:00,37.876881,-122.260478
2025-04-18 16:09:43-07:00,37.876869,-122.26048
2025-04-18 16:09:44-07:00,37.87687,-122.260484
2025-04-18 16:09:45-07:00,37.87687,-122.260492
2025-04-18 16:09:46-07:00,37.876869,-122.260487
2025-04-18 16:09:47-07:00,37.876863,-122.260485
2025-04-18 16:09:48-07:00,37.876861,-122.260488
2025-04-18 16:09:49-07:00,37.876844,-122.260495
2025-04-18 16:09:50-07:00,37.876839,-122.260503
2025-04-18 16:09:51-07:00,37.876835,-122.260512
2025-04-18 16:09:52-07:00,37.87683,-122.26052
2025-04-18 16:09:53-07:00,37.876826,-122.260529
2025-04-18 16:09:54-07:00,37.876821,-122.260537
2025-04-18 16:09:55-07:00,37.876817,-122.260546
2025-04-18 16:09:56-07:00,37.876836,-122.260514
2025-04-18 16:09:57-07:00,37.876845,-122.260501
2025-04-18 16:09:58-07:00,37.876851,-122.260497
2025-04-18 16:09:59-07:00,37.876845,-122.260498
2025-04-18 16:10:00-07:00,37.876845,-122.260502
2025-04-18 16:10:01-07:00,37.876835,-122.260493
2025-04-18 16:10:02-07:00,37.876838,-122.260483
2025-04-18 16:10:03-07:00,37.87684,-122.260478
2025-04-18 16:10:04-07:00,37.876849,-122.260479
2025-04-18 16:10:05-07:00,37.876848,-122.260475
2025-04-18 16:10:06-07:00,37.876851,-122.260474
2025-04-18 16:10:07-07:00,37.876846,-122.260466
2025-04-18 16:10:08-07:00,37.876839,-122.260461
2025-04-18 16:10:09-07:00,37.876837,-122.260461
2025-04-18 16:10:10-07:00,37.876835,-122.260461
2025-04-18 16:10:11-07:00,37.876833,-122.260461
2025-04-18 16:10:12-07:00,37.876832,-122.260461
2025-04-18 16:10:13-07:00,37.87683,-122.260461
2025-04-18 16:10:14-07:00,37.876828,-122.260461
2025-04-18 16:10:15-07:00,37.876826,-122.260461
2025-04-18 16:10:16-07:00,37.876824,-122.260461
2025-04-18 16:10:17-07:00,37.876822,-122.260461
2025-04-18 16:10:18-07:00,37.87682,-122.260461
2025-04-18 16:10:19-07:00,37.876818,-122.260461
2025-04-18 16:10:20-07:00,37.876816,-122.260461
2025-04-18 16:10:21-07:00,37.876815,-122.260461
2025-04-18 16:10:22-07:00,37.876813,-122.260461
2025-04-18 16:10:23-07:00,37.876811,-122.260461
2025-04-18 16:10:24-07:00,37.876809,-122.260461
2025-04-18 16:10:25-07:00,37.876807,-122.260461
2025-04-18 16:10:26-07:00,37.876781,-122.260449
2025-04-18 16:10:27-07:00,37.876765,-122.260439
2025-04-18 16:10:28-07:00,37.876763,-122.26045
2025-04-18 16:10:29-07:00,37.876755,-122.260455
2025-04-18 16:10:30-07:00,37.876735,-122.260445
2025-04-18 16:10:31-07:00,37.876729,-122.260438
2025-04-18 16:10:32-07:00,37.876712,-122.260422
2025-04-18 16:10:33-07:00,37.876695,-122.260415
2025-04-18 16:10:34-07:00,37.876696,-122.260432
2025-04-18 16:10:35-07:00,37.876682,-122.26044
2025-04-18 16:10:36-07:00,37.876671,-122.260437
2025-04-18 16:10:37-07:00,37.876661,-122.260439
2025-04-18 16:10:38-07:00,37.876647,-122.260433
2025-04-18 16:10:39-07:00,37.876627,-122.260436
2025-04-18 16:10:40-07:00,37.876616,-122.260438
2025-04-18 16:10:41-07:00,37.876606,-122.260441
2025-04-18 16:10:42-07:00,37.876596,-122.260436
2025-04-18 16:10:43-07:00,37.876583,-122.260437
2025-04-18 16:10:44-07:00,37.876574,-122.260435
2025-04-18 16:10:45-07:00,37.876553,-122.260431
2025-04-18 16:10:46-07:00,37.876546,-122.260432
2025-04-18 16:10:47-07:00,37.876538,-122.260432
2025-04-18 16:10:48-07:00,37.876526,-122.260429
2025-04-18 16:10:49-07:00,37.876518,-122.260425
2025-04-18 16:10:50-07:00,37.87651,-122.260417
2025-04-18 16:10:51-07:00,37.876494,-122.260405
2025-04-18 16:10:52-07:00,37.876489,-122.260396
2025-04-18 16:10:53-07:00,37.876485,-122.260391
2025-04-18 16:10:54-07:00,37.876475,-122.260393
2025-04-18 16:10:55-07:00,37.876462,-122.260386
2025-04-18 16:10:56-07:00,37.876453,-122.260396
2025-04-18 16:10:57-07:00,37.876433,-122.260399
2025-04-18 16:10:58-07:00,37.87642,-122.260396
2025-04-18 16:10:59-07:00,37.876404,-122.260396
2025-04-18 16:11:00-07:00,37.87639,-122.260396
2025-04-18 16:11:01-07:00,37.876374,-122.260399
2025-04-18 16:11:02-07:00,37.876362,-122.260397
2025-04-18 16:11:03-07:00,37.876341,-122.260396
2025-04-18 16:11:04-07:00,37.87633,-122.260396
2025-04-18 16:11:05-07:00,37.876318,-122.260397
2025-04-18 16:11:06-07:00,37.876311,-122.260398
2025-04-18 16:11:07-07:00,37.876296,-122.260393
2025-04-18 16:11:08-07:00,37.876288,-122.260397
2025-04-18 16:11:09-07:00,37.87627,-122.260388
2025-04-18 16:11:10-07:00,37.87626,-122.260381
2025-04-18 16:11:11-07:00,37.87625,-122.260375
2025-04-18 16:11:12-07:00,37.876241,-122.260373
2025-04-18 16:11:13-07:00,37.876231,-122.260371
2025-04-18 16:11:14-07:00,37.876221,-122.260367
2025-04-18 16:11:15-07:00,37.876217,-122.260359
2025-04-18 16:11:16-07:00,37.87621,-122.260356
2025-04-18 16:11:17-07:00,37.876194,-122.260352
2025-04-18 16:11:18-07:00,37.876179,-122.260348
2025-04-18 16:11:19-07:00,37.876167,-122.260345
2025-04-18 16:11:20-07:00,37.876163,-122.260343
2025-04-18 16:11:21-07:00,37.876137,-122.260337
2025-04-18 16:11:22-07:00,37.876131,-122.260327
2025-04-18 16:11:23-07:00,37.876122,-122.260317
2025-04-18 16:11:24-07:00,37.876119,-122.260305
2025-04-18 16:11:25-07:00,37.8761,-122.260299
2025-04-18 16:11:26-07:00,37.876089,-122.260299
2025-04-18 16:11:27-07:00,37.876077,-122.2603
2025-04-18 16:11:28-07:00,37.876072,-122.260306
2025-04-18 16:11:29-07:00,37.876064,-122.260305
2025-04-18 16:11:30-07:00,37.876058,-122.260305
2025-04-18 16:11:31-07:00,37.876045,-122.260309
2025-04-18 16:11:32-07:00,37.876034,-122.260312
2025-04-18 16:11:33-07:00,37.876018,-122.260311
2025-04-18 16:11:34-07:00,37.876012,-122.260299
2025-04-18 16:11:35-07:00,37.876003,-122.260298
2025-04-18 16:11:36-07:00,37.875991,-122.260299
2025-04-18 16:11:37-07:00,37.875983,-122.260292
2025-04-18 16:11:38-07:00,37.875982,-122.260304
2025-04-18 16:11:39-07:00,37.875969,-122.26029
2025-04-18 16:11:40-07:00,37.87596,-122.260284
2025-04-18 16:11:41-07:00,37.875957,-122.260282
2025-04-18 16:11:42-07:00,37.875956,-122.260281
2025-04-18 16:11:43-07:00,37.875955,-122.260278
2025-04-18 16:11:44-07:00,37.875956,-122.260277
2025-04-18 16:11:45-07:00,37.875957,-122.260271
2025-04-18 16:11:46-07:00,37.875961,-122.260269
2025-04-18 16:11:47-07:00,37.875951,-122.260264
2025-04-18 16:11:48-07:00,37.875943,-122.260247
2025-04-18 16:11:49-07:00,37.875943,-122.260221
2025-04-18 16:11:50-07:00,37.875942,-122.260211
2025-04-18 16:11:51-07:00,37.87594,-122.260201
2025-04-18 16:11:52-07:00,37.875935,-122.260189
2025-04-18 16:11:53-07:00,37.875936,-122.260172
2025-04-18 16:11:54-07:00,37.875937,-122.260157
2025-04-18 16:11:55-07:00,37.875931,-122.260138
2025-04-18 16:11:56-07:00,37.875938,-122.260134
2025-04-18 16:11:57-07:00,37.875946,-122.260125
2025-04-18 16:11:58-07:00,37.875947,-122.260119
2025-04-18 16:11:59-07:00,37.875949,-122.260113
2025-04-18 16:12:00-07:00,37.875946,-122.260124
2025-04-18 16:12:01-07:00,37.875947,-122.260121
2025-04-18 16:12:02-07:00,37.875945,-122.26011
2025-04-18 16:12:03-07:00,37.875965,-122.260108
2025-04-18 16:12:04-07:00,37.875967,-122.2601
2025-04-18 16:12:05-07:00,37.875967,-122.260093
2025-04-18 16:12:06-07:00,37.875966,-122.260093
2025-04-18 16:12:07-07:00,37.875961,-122.2601
2025-04-18 16:12:08-07:00,37.875953,-122.260104
2025-04-18 16:12:09-07:00,37.875948,-122.260112
2025-04-18 16:12:10-07:00,37.87595,-122.260115
2025-04-18 16:12:11-07:00,37.875953,-122.260118
2025-04-18 16:12:12-07:00,37.875936,-122.260117
2025-04-18 16:12:13-07:00,37.875939,-122.260113
2025-04-18 16:12:14-07:00,37.875945,-122.260118
2025-04-18 16:12:15-07:00,37.87595,-122.260124
2025-04-18 16:12:16-07:00,37.875956,-122.26013
2025-04-18 16:12:17-07:00,37.875961,-122.260136
2025-04-18 16:12:18-07:00,37.875967,-122.260141
2025-04-18 16:12:19-07:00,37.875972,-122.260147
2025-04-18 16:12:20-07:00,37.87597,-122.260151
2025-04-18 16:12:21-07:00,37.875968,-122.260155
2025-04-18 16:12:22-07:00,37.875966,-122.260159
2025-04-18 16:12:23-07:00,37.875964,-122.260163
2025-04-18 16:12:24-07:00,37.875963,-122.260167
2025-04-18 16:12:25-07:00,37.875961,-122.260171
2025-04-18 16:12:26-07:00,37.875959,-122.260175
2025-04-18 16:12:27-07:00,37.875957,-122.260179
2025-04-18 16:12:28-07:00,37.875955,-122.260183
2025-04-18 16:12:29-07:00,37.875953,-122.260187
2025-04-18 16:12:30-07:00,37.875953,-122.260205
2025-04-18 16:12:31-07:00,37.875956,-122.260206
2025-04-18 16:12:32-07:00,37.87596,-122.260208
2025-04-18 16:12:33-07:00,37.875964,-122.260209
2025-04-18 16:12:34-07:00,37.875967,-122.260211
2025-04-18 16:12:35-07:00,37.875971,-122.260212
2025-04-18 16:12:36-07:00,37.875975,-122.260214
2025-04-18 16:12:37-07:00,37.875978,-122.260215
2025-04-18 16:12:38-07:00,37.875982,-122.260217
2025-04-18 16:12:39-07:00,37.875964,-122.260219
2025-04-18 16:12:40-07:00,37.875967,-122.260207
2025-04-18 16:12:41-07:00,37.87596,-122.260191
2025-04-18 16:12:42-07:00,37.875981,-122.260181
2025-04-18 16:12:43-07:00,37.875972,-122.260183
2025-04-18 16:12:44-07:00,37.875972,-122.26018
2025-04-18 16:12:45-07:00,37.875967,-122.260179
2025-04-18 16:12:46-07:00,37.875967,-122.260179
2025-04-18 16:12:47-07:00,37.875965,-122.260186
2025-04-18 16:12:48-07:00,37.875961,-122.260195
2025-04-18 16:12:49-07:00,37.875944,-122.260225
2025-04-18 16:12:50-07:00,37.875954,-122.260203
2025-04-18 16:12:51-07:00,37.875949,-122.260196
2025-04-18 16:12:52-07:00,37.875951,-122.260192
2025-04-18 16:12:53-07:00,37.875955,-122.260191
2025-04-18 16:12:54-07:00,37.87596,-122.260188
2025-04-18 16:12:55-07:00,37.875955,-122.26019
2025-04-18 16:12:56-07:00,37.875952,-122.260197
2025-04-18 16:12:57-07:00,37.875951,-122.260194
2025-04-18 16:12:58-07:00,37.875951,-122.260204
2025-04-18 16:12:59-07:00,37.875956,-122.260213
2025-04-18 16:13:00-07:00,37.87597,-122.260223
2025-04-18 16:13:01-07:00,37.875972,-122.26025
2025-04-18 16:13:02-07:00,37.875973,-122.260266
2025-04-18 16:13:03-07:00,37.875974,-122.260276
2025-04-18 16:13:04-07:00,37.875968,-122.260284
2025-04-18 16:13:05-07:00,37.875962,-122.26029
2025-04-18 16:13:06-07:00,37.875959,-122.260297
2025-04-18 16:13:07-07:00,37.875957,-122.260301
2025-04-18 16:13:08-07:00,37.875954,-122.260296
2025-04-18 16:13:09-07:00,37.875954,-122.260295
2025-04-18 16:13:10-07:00,37.875956,-122.2603
2025-04-18 16:13:11-07:00,37.875953,-122.260299
2025-04-18 16:13:12-07:00,37.875956,-122.260298
2025-04-18 16:13:13-07:00,37.875959,-122.260304
2025-04-18 16:13:14-07:00,37.875964,-122.260301
2025-04-18 16:13:15-07:00,37.875965,-122.260299
2025-04-18 16:13:16-07:00,37.875962,-122.260302
2025-04-18 16:13:17-07:00,37.875958,-122.260299
2025-04-18 16:13:18-07:00,37.875957,-122.260296
2025-04-18 16:13:19-07:00,37.875957,-122.260289
2025-04-18 16:13:20-07:00,37.875954,-122.260281
2025-04-18 16:13:21-07:00,37.875946,-122.260272
2025-04-18 16:13:22-07:00,37.875946,-122.260272
2025-04-18 16:13:23-07:00,37.875932,-122.260296
2025-04-18 16:13:24-07:00,37.875928,-122.260297
2025-04-18 16:13:25-07:00,37.875911,-122.26029
2025-04-18 16:13:26-07:00,37.875901,-122.260292
2025-04-18 16:13:27-07:00,37.875885,-122.260293
2025-04-18 16:13:28-07:00,37.875872,-122.260299
2025-04-18 16:13:29-07:00,37.875852,-122.260297
2025-04-18 16:13:30-07:00,37.875843,-122.260302
2025-04-18 16:13:31-07:00,37.875835,-122.260306
2025-04-18 16:13:32-07:00,37.875828,-122.260301
2025-04-18 16:13:33-07:00,37.875817,-122.260299
2025-04-18 16:13:34-07:00,37.875807,-122.260299
2025-04-18 16:13:35-07:00,37.875795,-122.260288
2025-04-18 16:13:36-07:00,37.875781,-122.260275
2025-04-18 16:13:37-07:00,37.875774,-122.260262
2025-04-18 16:13:38-07:00,37.875755,-122.260255
2025-04-18 16:13:39-07:00,37.875739,-122.260251
2025-04-18 16:13:40-07:00,37.875731,-122.260247
2025-04-18 16:13:42-07:00,37.875726,-122.260247
2025-04-18 16:13:43-07:00,37.875718,-122.260251
2025-04-18 16:13:44-07:00,37.875704,-122.26025
2025-04-18 16:13:45-07:00,37.875693,-122.260248
2025-04-18 16:13:46-07:00,37.875664,-122.260233
2025-04-18 16:13:47-07:00,37.875657,-122.260231
2025-04-18 16:13:48-07:00,37.875649,-122.260228
2025-04-18 16:13:49-07:00,37.87563,-122.260231
2025-04-18 16:13:50-07:00,37.875619,-122.260211
2025-04-18 16:13:51-07:00,37.875609,-122.260201
2025-04-18 16:13:52-07:00,37.875587,-122.260196
2025-04-18 16:13:53-07:00,37.87556,-122.2602
2025-04-18 16:13:54-07:00,37.875545,-122.260204
2025-04-18 16:13:55-07:00,37.875546,-122.260206
2025-04-18 16:13:56-07:00,37.875536,-122.260213
2025-04-18 16:13:57-07:00,37.875524,-122.260216
2025-04-18 16:13:58-07:00,37.875513,-122.260205
2025-04-18 16:13:59-07:00,37.875493,-122.260202
2025-04-18 16:14:00-07:00,37.875484,-122.2602
2025-04-18 16:14:01-07:00,37.875473,-122.260197
2025-04-18 16:14:02-07:00,37.875464,-122.260197
2025-04-18 16:14:03-07:00,37.875454,-122.260198
2025-04-18 16:14:04-07:00,37.875445,-122.26019
2025-04-18 16:14:05-07:00,37.875432,-122.260192
2025-04-18 16:14:06-07:00,37.87543,-122.260168
2025-04-18 16:14:07-07:00,37.875403,-122.260184
2025-04-18 16:14:08-07:00,37.875392,-122.260197
2025-04-18 16:14:09-07:00,37.875374,-122.260207
2025-04-18 16:14:10-07:00,37.875367,-122.260212
2025-04-18 16:14:11-07:00,37.875359,-122.260218
2025-04-18 16:14:12-07:00,37.875349,-122.260224
2025-04-18 16:14:13-07:00,37.875343,-122.260241
2025-04-18 16:14:14-07:00,37.875326,-122.260236
2025-04-18 16:14:15-07:00,37.875317,-122.26024
2025-04-18 16:14:16-07:00,37.875306,-122.260226
2025-04-18 16:14:17-07:00,37.875299,-122.260213
2025-04-18 16:14:18-07:00,37.875279,-122.260208
2025-04-18 16:14:19-07:00,37.875274,-122.260203
2025-04-18 16:14:20-07:00,37.875268,-122.260199
2025-04-18 16:14:21-07:00,37.875263,-122.260194
2025-04-18 16:14:22-07:00,37.875243,-122.260188
2025-04-18 16:14:23-07:00,37.875228,-122.260187
2025-04-18 16:14:24-07:00,37.875223,-122.26018
2025-04-18 16:14:25-07:00,37.875215,-122.260175
2025-04-18 16:14:26-07:00,37.875206,-122.260168
2025-04-18 16:14:27-07:00,37.875198,-122.260163
2025-04-18 16:14:28-07:00,37.87519,-122.260154
2025-04-18 16:14:29-07:00,37.875182,-122.260139
2025-04-18 16:14:30-07:00,37.875172,-122.260118
2025-04-18 16:14:31-07:00,37.875169,-122.260105
2025-04-18 16:14:32-07:00,37.875177,-122.260105
2025-04-18 16:14:33-07:00,37.875182,-122.260086
2025-04-18 16:14:34-07:00,37.87519,-122.260077
2025-04-18 16:14:35-07:00,37.875188,-122.260052
2025-04-18 16:14:36-07:00,37.875193,-122.260035
2025-04-18 16:14:37-07:00,37.875198,-122.260021
2025-04-18 16:14:38-07:00,37.875202,-122.260006
2025-04-18 16:14:39-07:00,37.875206,-122.259997
2025-04-18 16:14:40-07:00,37.875213,-122.259985
2025-04-18 16:14:41-07:00,37.875222,-122.259965
2025-04-18 16:14:42-07:00,37.875232,-122.259957
2025-04-18 16:14:43-07:00,37.875251,-122.25996
2025-04-18 16:14:44-07:00,37.875254,-122.259951
2025-04-18 16:14:45-07:00,37.875253,-122.259961
2025-04-18 16:14:46-07:00,37.875237,-122.259924
2025-04-18 16:14:47-07:00,37.875225,-122.259886
2025-04-18 16:14:48-07:00,37.875223,-122.259878
2025-04-18 16:14:49-07:00,37.875219,-122.259865
2025-04-18 16:14:50-07:00,37.875215,-122.259853
2025-04-18 16:14:51-07:00,37.875216,-122.259841
2025-04-18 16:14:52-07:00,37.875208,-122.259814
2025-04-18 16:14:53-07:00,37.875206,-122.259802
2025-04-18 16:14:54-07:00,37.875203,-122.259789
2025-04-18 16:14:55-07:00,37.8752,-122.259766
2025-04-18 16:14:56-07:00,37.875201,-122.259753
2025-04-18 16:14:57-07:00,37.875201,-122.25974
2025-04-18 16:14:58-07:00,37.8752,-122.259743
2025-04-18 16:14:59-07:00,37.875204,-122.259732
2025-04-18 16:15:00-07:00,37.875202,-122.259721
2025-04-18 16:15:01-07:00,37.875207,-122.259699
2025-04-18 16:15:02-07:00,37.875213,-122.259688
2025-04-18 16:15:03-07:00,37.875208,-122.259677
2025-04-18 16:15:04-07:00,37.875212,-122.25966
2025-04-18 16:15:05-07:00,37.875212,-122.259647
2025-04-18 16:15:06-07:00,37.875212,-122.259615
2025-04-18 16:15:07-07:00,37.875217,-122.259587
2025-04-18 16:15:08-07:00,37.875217,-122.259577
2025-04-18 16:15:09-07:00,37.875217,-122.259568
2025-04-18 16:15:10-07:00,37.875213,-122.259561
2025-04-18 16:15:11-07:00,37.875219,-122.259548
2025-04-18 16:15:12-07:00,37.875213,-122.259534
2025-04-18 16:15:13-07:00,37.875222,-122.259517
2025-04-18 16:15:14-07:00,37.875226,-122.259503
2025-04-18 16:15:15-07:00,37.875234,-122.259489
2025-04-18 16:15:16-07:00,37.875228,-122.259468
2025-04-18 16:15:17-07:00,37.87522,-122.259443
2025-04-18 16:15:18-07:00,37.875217,-122.259431
2025-04-18 16:15:19-07:00,37.875215,-122.25942
2025-04-18 16:15:20-07:00,37.875221,-122.259402
2025-04-18 16:15:21-07:00,37.875224,-122.259393
2025-04-18 16:15:22-07:00,37.875226,-122.259383
2025-04-18 16:15:23-07:00,37.875228,-122.259374
2025-04-18 16:15:24-07:00,37.875233,-122.259363
2025-04-18 16:15:25-07:00,37.87524,-122.25935
2025-04-18 16:15:26-07:00,37.875248,-122.259345
2025-04-18 16:15:27-07:00,37.875256,-122.259328
2025-04-18 16:15:28-07:00,37.875257,-122.259315
2025-04-18 16:15:29-07:00,37.875253,-122.259303
2025-04-18 16:15:30-07:00,37.875254,-122.259276
2025-04-18 16:15:31-07:00,37.875255,-122.259266
2025-04-18 16:15:32-07:00,37.875257,-122.259256
2025-04-18 16:15:33-07:00,37.875262,-122.259243
2025-04-18 16:15:34-07:00,37.875262,-122.259234
2025-04-18 16:15:35-07:00,37.875262,-122.259222
2025-04-18 16:15:36-07:00,37.875262,-122.259218
2025-04-18 16:15:37-07:00,37.875263,-122.2592
2025-04-18 16:15:38-07:00,37.875266,-122.259183
2025-04-18 16:15:39-07:00,37.87527,-122.25917
2025-04-18 16:15:40-07:00,37.875271,-122.259162
2025-04-18 16:15:41-07:00,37.875275,-122.259151
2025-04-18 16:15:42-07:00,37.875275,-122.259154
2025-04-18 16:15:43-07:00,37.875271,-122.259133
2025-04-18 16:15:44-07:00,37.875271,-122.259118
2025-04-18 16:15:45-07:00,37.875269,-122.259108
2025-04-18 16:15:46-07:00,37.875267,-122.259094
2025-04-18 16:15:48-07:00,37.875272,-122.25905
2025-04-18 16:15:49-07:00,37.87528,-122.25906
2025-04-18 16:15:50-07:00,37.875286,-122.259057
2025-04-18 16:15:51-07:00,37.875292,-122.25904
2025-04-18 16:15:52-07:00,37.875297,-122.259017
2025-04-18 16:15:53-07:00,37.875297,-122.258993
2025-04-18 16:15:54-07:00,37.875295,-122.258984
2025-04-18 16:15:55-07:00,37.875293,-122.258975
2025-04-18 16:15:56-07:00,37.875291,-122.258966
2025-04-18 16:15:57-07:00,37.875295,-122.258932
2025-04-18 16:15:58-07:00,37.875295,-122.25892
2025-04-18 16:15:59-07:00,37.875295,-122.258906
2025-04-18 16:16:00-07:00,37.875293,-122.258892
2025-04-18 16:16:01-07:00,37.875297,-122.258883
2025-04-18 16:16:02-07:00,37.875299,-122.258865
2025-04-18 16:16:03-07:00,37.875297,-122.258844
2025-04-18 16:16:04-07:00,37.875303,-122.258841
2025-04-18 16:16:05-07:00,37.875307,-122.25883
2025-04-18 16:16:06-07:00,37.875312,-122.258811
2025-04-18 16:16:07-07:00,37.875319,-122.2588
2025-04-18 16:16:08-07:00,37.875323,-122.258785
2025-04-18 16:16:09-07:00,37.875324,-122.258768
2025-04-18 16:16:10-07:00,37.875319,-122.258751
2025-04-18 16:16:11-07:00,37.87532,-122.25874
2025-04-18 16:16:12-07:00,37.875323,-122.258732
2025-04-18 16:16:13-07:00,37.875324,-122.258705
2025-04-18 16:16:14-07:00,37.875325,-122.258696
2025-04-18 16:16:15-07:00,37.875325,-122.258686
2025-04-18 16:16:16-07:00,37.875327,-122.258675
2025-04-18 16:16:17-07:00,37.875333,-122.258659
2025-04-18 16:16:18-07:00,37.875337,-122.258649
2025-04-18 16:16:19-07:00,37.875335,-122.258636
2025-04-18 16:16:20-07:00,37.875336,-122.258623
2025-04-18 16:16:21-07:00,37.875335,-122.258606
2025-04-18 16:16:22-07:00,37.875339,-122.258589
2025-04-18 16:16:23-07:00,37.875341,-122.258579
2025-04-18 16:16:24-07:00,37.875345,-122.258568
2025-04-18 16:16:25-07:00,37.875351,-122.258546
2025-04-18 16:16:26-07:00,37.875349,-122.258529
2025-04-18 16:16:27-07:00,37.875352,-122.258515
2025-04-18 16:16:28-07:00,37.875357,-122.258503
2025-04-18 16:16:29-07:00,37.875361,-122.258487
2025-04-18 16:16:30-07:00,37.875372,-122.25848
2025-04-18 16:16:31-07:00,37.875379,-122.25847
2025-04-18 16:16:32-07:00,37.875388,-122.258467
2025-04-18 16:16:33-07:00,37.875392,-122.258466
2025-04-18 16:16:34-07:00,37.875403,-122.258461
2025-04-18 16:16:35-07:00,37.875404,-122.258466
2025-04-18 16:16:36-07:00,37.875412,-122.258464
2025-04-18 16:16:37-07:00,37.875412,-122.258466
2025-04-18 16:16:38-07:00,37.875412,-122.258471
2025-04-18 16:16:39-07:00,37.875412,-122.258472
2025-04-18 16:16:40-07:00,37.875416,-122.258468
2025-04-18 16:16:41-07:00,37.875451,-122.258444
2025-04-18 16:16:42-07:00,37.875449,-122.258459
2025-04-18 16:16:43-07:00,37.875441,-122.258465
2025-04-18 16:16:44-07:00,37.875441,-122.25846
2025-04-18 16:16:45-07:00,37.875446,-122.258457
2025-04-18 16:16:46-07:00,37.875447,-122.258461
2025-04-18 16:16:47-07:00,37.875456,-122.258452
2025-04-18 16:16:48-07:00,37.875454,-122.258453
2025-04-18 16:16:49-07:00,37.875457,-122.258458
2025-04-18 16:16:50-07:00,37.875464,-122.258454
2025-04-18 16:16:51-07:00,37.875464,-122.258457
2025-04-18 16:16:52-07:00,37.875465,-122.258459
2025-04-18 16:16:53-07:00,37.875464,-122.25846
2025-04-18 16:16:54-07:00,37.875459,-122.25846
2025-04-18 16:16:55-07:00,37.875456,-122.258459
2025-04-18 16:16:56-07:00,37.875456,-122.258456
2025-04-18 16:16:57-07:00,37.875453,-122.25846
2025-04-18 16:16:58-07:00,37.875446,-122.258463
2025-04-18 16:16:59-07:00,37.875455,-122.258456
2025-04-18 16:17:00-07:00,37.87545,-122.258452
2025-04-18 16:17:01-07:00,37.875456,-122.258458
2025-04-18 16:17:02-07:00,37.875458,-122.258456
2025-04-18 16:17:03-07:00,37.875458,-122.258457
2025-04-18 16:17:04-07:00,37.875453,-122.258446
2025-04-18 16:17:05-07:00,37.875456,-122.258445
2025-04-18 16:17:06-07:00,37.875459,-122.258443
2025-04-18 16:17:07-07:00,37.875467,-122.258445
2025-04-18 16:17:08-07:00,37.875475,-122.258446
2025-04-18 16:17:09-07:00,37.875476,-122.258451
2025-04-18 16:17:10-07:00,37.875476,-122.258451
2025-04-18 16:17:11-07:00,37.875476,-122.258451
2025-04-18 16:17:12-07:00,37.875476,-122.258451
2025-04-18 16:17:13-07:00,37.875476,-122.258451
2025-04-18 16:17:14-07:00,37.875476,-122.258451
2025-04-18 16:17:15-07:00,37.875478,-122.258455
2025-04-18 16:17:16-07:00,37.875477,-122.258456
2025-04-18 16:17:17-07:00,37.875481,-122.258461
2025-04-18 16:17:18-07:00,37.875484,-122.258439
2025-04-18 16:17:19-07:00,37.875482,-122.258442
2025-04-18 16:17:20-07:00,37.875482,-122.258442
2025-04-18 16:17:21-07:00,37.875481,-122.258424
2025-04-18 16:17:22-07:00,37.875475,-122.258417
2025-04-18 16:17:23-07:00,37.875481,-122.258417
2025-04-18 16:17:24-07:00,37.875481,-122.258419
2025-04-18 16:17:25-07:00,37.875481,-122.258422
2025-04-18 16:17:26-07:00,37.875481,-122.258425
2025-04-18 16:17:27-07:00,37.875481,-122.258427
2025-04-18 16:17:28-07:00,37.875481,-122.25843
2025-04-18 16:17:29-07:00,37.875481,-122.258432
2025-04-18 16:17:30-07:00,37.875481,-122.258435
2025-04-18 16:17:31-07:00,37.875481,-122.258438
2025-04-18 16:17:32-07:00,37.87548,-122.25844
2025-04-18 16:17:33-07:00,37.87548,-122.258443
2025-04-18 16:17:34-07:00,37.87548,-122.258446
2025-04-18 16:17:35-07:00,37.87548,-122.258448
2025-04-18 16:17:36-07:00,37.87548,-122.258451
2025-04-18 16:17:37-07:00,37.87548,-122.258453
2025-04-18 16:17:38-07:00,37.87548,-122.258456
2025-04-18 16:17:39-07:00,37.87548,-122.258459
2025-04-18 16:17:40-07:00,37.87548,-122.258461
2025-04-18 16:17:41-07:00,37.87548,-122.258464
2025-04-18 16:17:42-07:00,37.875488,-122.258468
2025-04-18 16:17:43-07:00,37.875497,-122.258479
2025-04-18 16:17:44-07:00,37.8755,-122.258439
2025-04-18 16:17:45-07:00,37.875529,-122.258481
2025-04-18 16:17:46-07:00,37.875542,-122.258478
2025-04-18 16:17:47-07:00,37.875556,-122.258472
2025-04-18 16:17:48-07:00,37.87557,-122.258488
2025-04-18 16:17:49-07:00,37.875581,-122.258491
2025-04-18 16:17:50-07:00,37.875593,-122.258495
2025-04-18 16:17:51-07:00,37.875611,-122.258503
2025-04-18 16:17:52-07:00,37.875619,-122.258498
2025-04-18 16:17:54-07:00,37.875634,-122.258498
2025-04-18 16:17:55-07:00,37.875646,-122.258495
2025-04-18 16:17:56-07:00,37.875655,-122.2585
2025-04-18 16:17:57-07:00,37.875667,-122.258503
2025-04-18 16:17:58-07:00,37.875672,-122.258504
2025-04-18 16:17:59-07:00,37.875684,-122.258511
2025-04-18 16:18:00-07:00,37.875695,-122.258514
2025-04-18 16:18:01-07:00,37.875713,-122.258517
2025-04-18 16:18:02-07:00,37.875724,-122.258519
2025-04-18 16:18:03-07:00,37.875735,-122.258521
2025-04-18 16:18:04-07:00,37.875744,-122.258514
2025-04-18 16:18:05-07:00,37.875754,-122.258521
2025-04-18 16:18:06-07:00,37.875763,-122.258524
2025-04-18 16:18:07-07:00,37.875784,-122.258522
2025-04-18 16:18:08-07:00,37.875793,-122.258524
2025-04-18 16:18:09-07:00,37.875803,-122.258526
2025-04-18 16:18:10-07:00,37.875816,-122.258529
2025-04-18 16:18:11-07:00,37.875822,-122.25853
2025-04-18 16:18:12-07:00,37.875834,-122.258536
2025-04-18 16:18:13-07:00,37.875844,-122.258537
2025-04-18 16:18:14-07:00,37.875855,-122.258537
2025-04-18 16:18:15-07:00,37.87587,-122.258539
2025-04-18 16:18:16-07:00,37.875878,-122.258541
2025-04-18 16:18:17-07:00,37.875886,-122.258549
2025-04-18 16:18:18-07:00,37.875901,-122.258556
2025-04-18 16:18:19-07:00,37.875921,-122.25856
2025-04-18 16:18:20-07:00,37.875931,-122.258562
2025-04-18 16:18:21-07:00,37.87594,-122.258565
2025-04-18 16:18:22-07:00,37.875946,-122.258566
2025-04-18 16:18:23-07:00,37.875954,-122.25857
2025-04-18 16:18:24-07:00,37.875957,-122.258573
2025-04-18 16:18:25-07:00,37.875931,-122.258573
2025-04-18 16:18:26-07:00,37.875919,-122.258576
2025-04-18 16:18:27-07:00,37.875908,-122.25858
2025-04-18 16:18:28-07:00,37.875907,-122.258586
2025-04-18 16:18:29-07:00,37.875908,-122.258613
2025-04-18 16:18:30-07:00,37.875909,-122.258623
2025-04-18 16:18:31-07:00,37.875905,-122.258627
2025-04-18 16:18:32-07:00,37.875906,-122.258621
2025-04-18 16:18:33-07:00,37.875908,-122.258616
2025-04-18 16:18:34-07:00,37.875909,-122.25861
2025-04-18 16:18:35-07:00,37.875911,-122.258604
2025-04-18 16:18:36-07:00,37.875913,-122.258598
2025-04-18 16:18:37-07:00,37.875914,-122.258592
2025-04-18 16:18:38-07:00,37.875916,-122.258587
2025-04-18 16:18:39-07:00,37.875917,-122.258581
2025-04-18 16:18:40-07:00,37.875919,-122.258575
2025-04-18 16:18:41-07:00,37.875914,-122.258562
2025-04-18 16:18:42-07:00,37.875927,-122.258554
2025-04-18 16:18:43-07:00,37.875935,-122.258552
2025-04-18 16:18:44-07:00,37.875948,-122.258556
2025-04-18 16:18:45-07:00,37.875969,-122.25856
2025-04-18 16:18:46-07:00,37.875976,-122.258562
2025-04-18 16:18:47-07:00,37.875984,-122.258564
2025-04-18 16:18:48-07:00,37.876008,-122.258588
2025-04-18 16:18:49-07:00,37.876021,-122.2586
2025-04-18 16:18:50-07:00,37.876028,-122.258598
2025-04-18 16:18:51-07:00,37.876047,-122.258607
2025-04-18 16:18:52-07:00,37.876053,-122.258599
2025-04-18 16:18:53-07:00,37.87606,-122.258602
2025-04-18 16:18:54-07:00,37.876071,-122.258603
2025-04-18 16:18:55-07:00,37.876083,-122.258607
2025-04-18 16:18:56-07:00,37.876107,-122.258602
